{"cameraMode":{"drawMode":0,"name":"Shaded","section":"Shading Mode"},"sceneLighting":true,"audioPlay":false,"sceneViewState":{"m_AlwaysRefresh":false,"showFog":true,"showSkybox":true,"showFlares":true,"showImageEffects":true,"showParticleSystems":true,"showVisualEffectGraphs":true,"m_FxEnabled":false},"in2DMode":false,"pivot":{"x":-235.6294708251953,"y":13.62358283996582,"z":191.22982788085938},"rotation":{"x":-0.13432198762893678,"y":0.06268837302923203,"z":-0.008513621985912323,"w":-0.9889240264892578},"size":11.926042556762696,"orthographic":false}