{"cameraMode":{"drawMode":0,"name":"Shaded","section":"Shading Mode"},"sceneLighting":false,"audioPlay":false,"sceneViewState":{"m_AlwaysRefresh":false,"showFog":false,"showSkybox":false,"showFlares":false,"showImageEffects":false,"showParticleSystems":false,"showVisualEffectGraphs":true,"m_FxEnabled":false},"in2DMode":false,"pivot":{"x":0.0000034570693969726564,"y":1.8652204275131226,"z":0.0500505268573761},"rotation":{"x":0.01005557645112276,"y":0.9781739115715027,"z":-0.2017490118741989,"w":0.04874936863780022},"size":2.7497267723083498,"orthographic":false}