{"cameraMode":{"drawMode":0,"name":"Shaded","section":"Shading Mode"},"sceneLighting":false,"audioPlay":false,"sceneViewState":{"m_AlwaysRefresh":false,"showFog":false,"showSkybox":false,"showFlares":false,"showImageEffects":false,"showParticleSystems":false,"showVisualEffectGraphs":true,"m_FxEnabled":true},"in2DMode":false,"pivot":{"x":-0.004298180341720581,"y":0.8972208499908447,"z":0.07889172434806824},"rotation":{"x":-0.014303651638329029,"y":-0.9855037927627564,"z":0.10834280401468277,"w":-0.12993371486663819},"size":1.0122978687286378,"orthographic":false}